{
  "config": {
    "input_size": 10,
    "hidden_size": 20,
    "output_size": 1,
    "batch_size": 32,
    "learning_rate": 0.01,
    "epochs": 100,
    "seed": 42
  },
  "X": [
    [
      0.2761908769607544,
      -0.5388752818107605,
      0.4625823199748993,
      -0.8718891143798828,
      -0.027118360623717308,
      -0.3532457649707794,
      1.4638569355010986,
      0.1729017049074173,
      -0.7149558067321777,
      0.8539193272590637
    ],
    [
      0.512991189956665,
      0.5397310256958008,
      0.5655050277709961,
      0.5057917237281799,
      0.22245365381240845,
      -0.914324164390564,
      0.5635589957237244,
      -1.507175087928772,
      -1.610666036605835,
      -1.4790465831756592
    ],
    [
      0.4322742819786072,
      -0.1250254064798355,
      0.7821183800697327,
      0.5635088086128235,
      -0.10912995040416718,
      0.7151994705200195,
      0.03913922235369682,
      1.305860161781311,
      0.24659274518489838,
      -1.9775909185409546
    ],
    [
      0.01789604313671589,
      -1.4128766059875488,
      0.625802755355835,
      -2.5849502086639404,
      -0.02399955503642559,
      -0.1221928745508194,
      -0.7469954490661621,
      1.7093087434768677,
      0.05792269483208656,
      0.8637403845787048
    ],
    [
      1.9372931718826294,
      0.7287133932113647,
      0.9808937907218933,
      0.41459226608276367,
      1.15656316280365,
      0.2690545618534088,
      -0.036629438400268555,
      -0.4807589650154114,
      -1.0150787830352783,
      -0.5419175624847412
    ],
    [
      -0.44102486968040466,
      -0.3136177957057953,
      -0.12925422191619873,
      -0.7149624228477478,
      -0.047562163323163986,
      0.5229573249816895,
      0.25391900539398193,
      0.9364385008811951,
      0.7122363448143005,
      -0.031765542924404144
    ],
    [
      0.10164086520671844,
      1.3433040380477905,
      0.7132695913314819,
      0.3462832272052765,
      -0.7139783501625061,
      0.8337291479110718,
      -0.9585452675819397,
      0.45363426208496094,
      1.2460919618606567,
      -2.3065085411071777
    ],
    [
      -1.2868918180465698,
      0.21368299424648285,
      -2.126762628555298,
      -0.13408313691616058,
      -1.0407685041427612,
      -0.7647228837013245,
      -0.05528254434466362,
      1.204850673675537,
      -0.982473611831665,
      0.3039689064025879
    ],
    [
      -0.7171905636787415,
      1.055369257926941,
      -1.4533969163894653,
      0.46515071392059326,
      0.37139150500297546,
      -0.004656785633414984,
      0.07954943925142288,
      -0.4560437500476837,
      0.7051141262054443,
      -1.7236974239349365
    ],
    [
      -0.8434810638427734,
      0.4351435601711273,
      0.26588720083236694,
      -0.5870985388755798,
      0.0826888456940651,
      0.18576394021511078,
      0.1824439913034439,
      0.7863810062408447,
      -0.057920295745134354,
      0.5666652917861938
    ],
    [
      -0.7097623348236084,
      -0.4875054359436035,
      0.050095997750759125,
      0.32730624079704285,
      1.6308681964874268,
      -0.08472306281328201,
      1.0844124555587769,
      0.9477656483650208,
      -0.676629364490509,
      -0.5730168223381042
    ],
    [
      -0.3303174376487732,
      -0.307127982378006,
      0.3752319812774658,
      0.08790969103574753,
      -1.241483449935913,
      -0.32025346159935,
      -0.844377875328064,
      -0.5513465404510498,
      1.9889612197875977,
      0.8478653430938721
    ],
    [
      1.6950805187225342,
      0.028089528903365135,
      -0.17536965012550354,
      -1.7734959125518799,
      -0.7046414017677307,
      -0.39465200901031494,
      1.8868111371994019,
      0.17867784202098846,
      0.16629981994628906,
      2.1441681385040283
    ],
    [
      1.7045671939849854,
      0.3459012508392334,
      0.6424751281738281,
      -0.20395424962043762,
      0.6853673458099365,
      -1.3350669145584106,
      -1.1807502508163452,
      -1.282929539680481,
      0.448485791683197,
      -0.590737521648407
    ],
    [
      0.8540631532669067,
      -0.4900680184364319,
      -0.35945725440979004,
      -0.058935556560754776,
      -0.07426456362009048,
      -0.20960482954978943,
      0.16632132232189178,
      1.4703037738800049,
      -0.9390866756439209,
      -0.6013189554214478
    ],
    [
      -0.09964022785425186,
      -1.231055736541748,
      -2.488459348678589,
      -0.33131900429725647,
      0.8435799479484558,
      0.9874473810195923,
      -0.33197471499443054,
      -0.8076189756393433,
      0.824364185333252,
      1.4861663579940796
    ],
    [
      -1.0641486644744873,
      -0.7601934671401978,
      -0.4075061082839966,
      0.9623646140098572,
      -0.14264194667339325,
      0.15271379053592682,
      -0.0388023778796196,
      -0.21304993331432343,
      -1.5824053287506104,
      0.9871290922164917
    ],
    [
      1.1456739902496338,
      -0.14181147515773773,
      -0.2763414680957794,
      -0.19321373105049133,
      0.7767809629440308,
      0.7203536033630371,
      -1.3245893716812134,
      -0.5160817503929138,
      0.6001842617988586,
      -0.4702208340167999
    ],
    [
      -0.6086435317993164,
      -0.046192023903131485,
      -1.6457397937774658,
      -0.6960223317146301,
      -0.740294337272644,
      0.31428107619285583,
      0.1415553092956543,
      1.0348176956176758,
      -0.626437783241272,
      -0.5150922536849976
    ],
    [
      0.6902899742126465,
      2.0402920246124268,
      1.1366125345230103,
      -0.46184006333351135,
      1.419979453086853,
      0.848518967628479,
      -0.047891248017549515,
      0.6685602068901062,
      1.0429801940917969,
      0.7204488515853882
    ],
    [
      -1.3129348754882812,
      0.03780364990234375,
      -1.1702114343643188,
      -0.10318559408187866,
      1.1894739866256714,
      0.7606944441795349,
      -0.7463049292564392,
      -0.5823572874069214,
      0.4868715703487396,
      -1.0020296573638916
    ],
    [
      0.0329488180577755,
      -0.42919591069221497,
      -0.9817978739738464,
      -0.6420586109161377,
      0.8265887498855591,
      -0.36460402607917786,
      -0.1208132952451706,
      -0.48302069306373596,
      0.11329790204763412,
      0.0771508663892746
    ],
    [
      -0.9228128790855408,
      -1.2619991302490234,
      1.0860532522201538,
      -0.878588855266571,
      -0.6836934685707092,
      0.06604336202144623,
      -0.0007737990817986429,
      0.1620604395866394,
      1.195958137512207,
      -1.3061535358428955
    ],
    [
      -1.4039719104766846,
      0.09526508301496506,
      0.3057299852371216,
      0.4150581359863281,
      -0.7174144983291626,
      2.833967924118042,
      1.9534740447998047,
      2.0486814975738525,
      -1.0880382061004639,
      -2.0478978157043457
    ],
    [
      0.8512656688690186,
      -0.40046969056129456,
      -0.6088271737098694,
      -0.508095383644104,
      -0.6184902191162109,
      -1.647040605545044,
      -1.0362098217010498,
      -0.9710745811462402,
      -0.0729660615324974,
      -0.5479549169540405
    ],
    [
      -1.1425532102584839,
      -0.44875210523605347,
      -0.03045438416302204,
      0.3830311596393585,
      -0.04476971551775932,
      -2.3119537830352783,
      -0.33142781257629395,
      0.6495042443275452,
      0.09495851397514343,
      -0.7525874376296997
    ],
    [
      -0.647229790687561,
      -1.2822614908218384,
      1.96529221534729,
      -1.1765786409378052,
      -2.5667941570281982,
      0.7096128463745117,
      0.8198426961898804,
      0.6214459538459778,
      0.42318588495254517,
      -0.33889833092689514
    ],
    [
      0.5179733633995056,
      -1.7459297180175781,
      0.1929578185081482,
      -0.6103342771530151,
      0.16323445737361908,
      1.51017165184021,
      0.21230429410934448,
      -0.7252011299133301,
      -0.9527732729911804,
      -0.8427883982658386
    ],
    [
